{
 "name": "AllFrames",
 "children": [
  {
   "name": "Cause",
   "children": [
        {"name": "OtherCause", "value": 0.1, "keywords": ["cause"]},
        {"name": "FossilFuels", "value": 1,
            "keywords": ["fossil", "fuel", "gas", "oil", "coal"]},
        {"name": "PlasticsBurning", "value": 1, 
            "keywords": ["plastic", "burning"]},
        {"name": "HumanConsumption", "value": 1,
            "keywords": ["human acti", "consumption"]},
        {"name": "TravelPatterns", "value": 1,
            "keywords": ["airplane", "flight", "car", "travel"]},
        {"name": "PolicyReason", "value": 1,
            "keywords": ["Paris agreement", "Trump", "policy"]}
   ]
  },
  {
   "name": "Problem",
   "children": [
    {"name": "OtherProblem", "value": 0.1, "keywords": ["problem", "threat"]},
    {"name": "ProbThreatHealth", "value": 1, "keywords": ["disease"]},
    {"name": "ProbThreatEconomic", "value": 0.1 ,"keywords": ["economy"]},
    {"name": "ProbThreatFood", "value": 1, 
     "keywords": ["starvation", "food short"]},
    {"name": "ProbThreatSecurity", "value": 1, "keywords": ["security"]}
   ]
  },
  {
   "name": "Solution",
   "children": [
    {"name": "OtherSolution", "value":0.1, "keywords": ["solve", "solution", "reduce"]},
    {"name": "CleanPowerPlants", "value": 1,
     "keywords": ["nuclear", "solar", "wind power", "clean power", "alternative energy"]},
    {"name": "LowerEmissions", "value": 1,
     "regex": ["lower .* emission", "reduce .* emission"]},
    {"name": "EnhanceEnergyEfficiency", "value": 1, 
     "regex": ["energy .* efficiency", "efficiency .* energy"]},
    {"name": "GreenerFarming", "value": 1,
     "keywords": ["farming", "soil erosion"]},
    {"name": "GeopoliticalConsensus", "value": 1,
     "keywords": ["geopolitical"]}
   ]
  },
  {
   "name": "Motivation",
   "children": [
    {"name": "Benefits", "value": 1, "keywords": ["benefit", "beneficial"]},
    {"name": "Difficulty", "value": 1, "keywords": ["difficul"]},
    {"name": "IndirectEffects", "value": 1, "keywords": ["indirect"]},
    {"name": "LongTermView", "value": 0.2, "keywords": ["longterm", "long term", "long-term"]},
    {"name": "ShortTermView", "value": 0.2, "keywords": ["shortterm", "short term", "short-term"]},
    {"name": "OtherMotivation", "value": 0.1, "keywords": ["motivation"]}
   ]
  }
 ]
}
